,RMSE,MAE
0,0.11505723007883047,0.0733363999838602
