,RMSE,MAE
0,0.1678604615166593,0.09105926189212958
